{
  "coeffs": [
    -0.46803694161238385,
    0.46803694161238385,
    2.2850920163711106e-7,
    0.03978882504835428,
    0.03978882504835428,
    0
  ],
  "timestamp": 1749572416024,
  "generation": 10000,
  "fitness": -0.08999369098034167,
  "c_model": 299792458,
  "alpha_model": 0.0072973508989281725,
  "g_model": 6.6743e-11,
  "delta_c": 0,
  "delta_alpha": 2.285091493417049e-7,
  "delta_g": 0
}