{
  "epsilon": 1.6583331019504044e-7,
  "G4": 3.079512090366004,
  "psi0": [
    -7.391412299048331e-20,
    0.002538139239806693,
    0.005080512553552032,
    0.00762717180787912,
    0.010178166954484131,
    0.012733545949003122,
    0.015293354673144834,
    0.017857636860295036,
    0.020426434024818356,
    0.022999785395246358,
    0.02557772785154303,
    0.02816029586661149,
    0.030747521452188925,
    0.0333394341092638,
    0.03593606078311945,
    0.038537425823091206,
    0.04114355094711382,
    0.04375445521110186,
    0.0463701549831947,
    0.04899066392287133,
    0.051615992964923564,
    0.054246150308255824,
    0.056881141409464306,
    0.059520968981122184,
    0.06216563299468649,
    0.06481513068792248,
    0.06746945657673056,
    0.07012860247123558,
    0.0727925574959987,
    0.07546130811418578,
    0.07813483815552758,
    0.08081312884788977,
    0.08349615885225901,
    0.08618390430095303,
    0.08887633883885436,
    0.09157343366745385,
    0.09427515759149681,
    0.09698147706801608,
    0.09969235625753996,
    0.10240775707725597,
    0.10512763925591906,
    0.10785196039029116,
    0.11058067600290324,
    0.11331373960093338,
    0.11605110273599817,
    0.11879271506466697,
    0.1215385244095026,
    0.12428847682044913,
    0.12704251663639116,
    0.1298005865467157,
    0.13256262765271393,
    0.13532857952867192,
    0.13809838028250834,
    0.14087196661582216,
    0.14364927388322518,
    0.14643023615084214,
    0.14921478625387022,
    0.15200285585309845,
    0.15479437549029698,
    0.15758927464239614,
    0.16038748177437911,
    0.1631889243908254,
    0.16599352908605125,
    0.16880122159279437,
    0.17161192682940465,
    0.17442556894550737,
    0.1772420713661132,
    0.18006135683415556,
    0.18288334745144286,
    0.18570796471801979,
    0.18853512956993604,
    0.19136476241542835,
    0.19419678316952613,
    0.1970311112870968,
    0.19986766579434978,
    0.20270636531882416,
    0.20554712811788797,
    0.20838987210578208,
    0.21123451487924358,
    0.2140809737417483,
    0.21692916572641374,
    0.21977900761760716,
    0.2226304159713062,
    0.22548330713426123,
    0.22833759726201092,
    0.23119320233580412,
    0.23405003817848366,
    0.23690802046938808,
    0.23976706475832943,
    0.24262708647870654,
    0.24548800095981346,
    0.24834972343840508,
    0.25121216906958116,
    0.2540752529370524,
    0.2569388900628513,
    0.25980299541655283,
    0.26266748392406797,
    0.2655322704760769,
    0.26839726993616525,
    0.27126239714873035,
    0.2741275669467226,
    0.27699269415928773,
    0.27985769361937607,
    0.28272248017138496,
    0.2855869686789001,
    0.2884510740326017,
    0.2913147111584005,
    0.29417779502587177,
    0.2970402406570478,
    0.2999019631356394,
    0.3027628776167463,
    0.3056228993371234,
    0.3084819436260647,
    0.31133992591696896,
    0.3141967617596485,
    0.3170523668334418,
    0.31990665696119147,
    0.3227595481241466,
    0.32561095647784566,
    0.328460798369039,
    0.3313089903537044,
    0.3341554492162092,
    0.33700009198967085,
    0.33984283597756504,
    0.3426835987766289,
    0.3455222983011035,
    0.34835885280835666,
    0.35119318092592755,
    0.3540252016800256,
    0.3568548345255183,
    0.35968199937743506,
    0.36250661664401235,
    0.3653286072612999,
    0.36814789272934245,
    0.3709643951499485,
    0.3737780372660514,
    0.376588742502662,
    0.3793964350094055,
    0.38220103970463165,
    0.38500248232107787,
    0.3878006894530603,
    0.3905955886051589,
    0.39338710824235684,
    0.39617517784158446,
    0.3989597279446121,
    0.40174069021222897,
    0.4045179974796318,
    0.4072915838129453,
    0.41006138456678143,
    0.4128273364427393,
    0.41558937754873726,
    0.41834744745906194,
    0.421101487275004,
    0.4238514396859504,
    0.4265972490307859,
    0.4293388613594549,
    0.43207622449452054,
    0.4348092880925507,
    0.4375380037051626,
    0.44026232483953365,
    0.4429822070181953,
    0.44569760783790935,
    0.44840848702743186,
    0.4511148065039499,
    0.4538165304279921,
    0.45651362525659117,
    0.4592060597944919,
    0.46189380524318446,
    0.46457683524755106,
    0.46725512593991025,
    0.4699286559812491,
    0.4725974065994316,
    0.4752613616241895,
    0.4779205075186884,
    0.4805748334074898,
    0.4832243311007187,
    0.4858689951142754,
    0.4885088226859257,
    0.4911438137871271,
    0.4937739711304528,
    0.496399300172499,
    0.49901980911216975,
    0.5016355088842566,
    0.5042464131482386,
    0.506852538272255,
    0.5094539033122213,
    0.5120505299860717,
    0.5146424426431422,
    0.517229668228715,
    0.5198122362437779,
    0.5223901787000685,
    0.5249635300704897,
    0.5275323272350063,
    0.5300966094221498,
    0.5326564181462847,
    0.535211797140797,
    0.5377627922873955,
    0.5403094515417163,
    0.542851824855455,
    0.5453899640952548
  ]
}